window_label,window_seconds,step_seconds,model_name,status,precision,recall,f1,roc_auc,average_precision,macro_precision,macro_recall,weighted_precision,weighted_recall,threshold,feature_count,seq_len,training_time_seconds,inference_time_seconds,inference_time_ms_per_prediction,parameter_count,mean_detection_latency_seconds,median_detection_latency_seconds,scenario_f1_mean,scenario_f1_std,model_dir,report_dir,ready_package_dir,error
5s,5,1,threshold_baseline,completed,0.0601488899136965,0.4937804218496484,0.107235142118863,0.4103882681695938,0.373055665676307,0.3586458735282768,0.3027432619833547,0.5955067051853655,0.1511530515383327,0.0825876893031218,32,,0.0,0.0074359999998705,0.0004152102294863,64,432.4,424.0,0.3816281189240231,0.4827308054996785,<repo>/outputs\window_size_study\5s\models\threshold_baseline,<repo>/outputs\window_size_study\5s\reports\threshold_baseline,<repo>/outputs\window_size_study\5s\ready_packages\threshold_baseline,
5s,5,1,isolation_forest,completed,0.1208164387327331,0.950784207679827,0.214390243902439,0.867130527962003,0.6173037986333703,0.5468584873830431,0.5771044326070368,0.8849278130500015,0.2805851806354347,0.0314528171664629,32,,1.0408982000080869,0.1436263999930815,0.0080197889325524,39900,343.5,277.0,0.904509449567018,0.2636783748351998,<repo>/outputs\window_size_study\5s\models\isolation_forest,<repo>/outputs\window_size_study\5s\reports\isolation_forest,<repo>/outputs\window_size_study\5s\ready_packages\isolation_forest,
5s,5,1,autoencoder,completed,0.0862559781370986,0.8193618171984857,0.1560809766651213,0.3907201698336484,0.4340126987438826,0.0590700180540565,0.4100233743526675,0.0374976422240207,0.0852085543581439,0.0513476118723289,64,,45.81101489999856,0.1043093000043882,0.0058244067231217,10448,357.75,301.0,0.7056334960345899,0.4336454508732802,<repo>/outputs\window_size_study\5s\models\autoencoder,<repo>/outputs\window_size_study\5s\reports\autoencoder,<repo>/outputs\window_size_study\5s\ready_packages\autoencoder,
5s,5,1,gru,completed,0.1012707831831159,0.9994475138121548,0.1839068774462461,0.4697626755787479,0.4306659292108544,0.4256353915915579,0.499817174107298,0.6842810834253897,0.1014160183578664,0.0392537037382,96,4.0,25.957302000009804,0.3595081000094069,0.020121346617194,31169,336.53846153846155,259.0,0.9913951832229372,0.0035841715813786,<repo>/outputs\window_size_study\5s\models\gru,<repo>/outputs\window_size_study\5s\reports\gru,<repo>/outputs\window_size_study\5s\ready_packages\gru,
5s,5,1,lstm,completed,0.101063829787234,0.9972375690607734,0.1835282155566853,0.3964167879828663,0.3488902021923435,0.1933890577507598,0.4986810626645338,0.2670084411277315,0.1011361728325964,0.0409364499974571,128,4.0,25.84884299999976,0.2949840000073891,0.0165099904856657,49729,336.53846153846155,259.0,0.989885925536079,0.0054501830721898,<repo>/outputs\window_size_study\5s\models\lstm,<repo>/outputs\window_size_study\5s\reports\lstm,<repo>/outputs\window_size_study\5s\ready_packages\lstm,
5s,5,1,transformer,completed,0.1012537781260494,0.9994475138121548,0.1838788371620248,0.2755569161932438,0.281389806710104,0.0506268890630247,0.4997237569060773,0.0102574208545446,0.1012481110427044,0.0386948431311633,32,4.0,66.67140350000045,0.3637106999995012,0.0203565623775396,69121,336.53846153846155,259.0,0.9910739443318176,0.0032196291707215,<repo>/outputs\window_size_study\5s\models\transformer,<repo>/outputs\window_size_study\5s\reports\transformer,<repo>/outputs\window_size_study\5s\ready_packages\transformer,
5s,5,1,llm_baseline,completed,0.10295709646174,0.998342541436464,0.1866639119880171,0.5875203909277618,0.1366824100743773,0.5467317127878321,0.5089177987122533,0.9005939705142456,0.1186545027145015,0.0388073778267712,128,4.0,31.488110599999345,0.2900786999998672,0.0162354452342232,1601,336.53846153846155,259.0,0.9900782156196872,0.0051685405383023,<repo>/outputs\window_size_study\5s\models\llm_baseline,<repo>/outputs\window_size_study\5s\reports\llm_baseline,<repo>/outputs\window_size_study\5s\ready_packages\llm_baseline,
10s,10,2,threshold_baseline,completed,0.9669117647058824,0.5686486486486486,0.7161334240980258,0.6613674156623672,0.6741265049669198,0.959770734543372,0.7832051997284526,0.9541029848314746,0.9534961525593844,0.0541499647985949,128,,0.0,0.0138138000002072,0.0015405152225055,256,416.1428571428572,427.0,0.4661604708942802,0.4475175874551621,<repo>/outputs\window_size_study\10s\models\threshold_baseline,<repo>/outputs\window_size_study\10s\reports\threshold_baseline,<repo>/outputs\window_size_study\10s\ready_packages\threshold_baseline,
10s,10,2,isolation_forest,completed,0.2029052340327415,0.9513513513513514,0.3344735841885214,0.871231641987673,0.6120877023782666,0.5965930057852693,0.7607415796796548,0.9090582529763857,0.6094568975131036,0.0416221892024981,32,,0.7720649000002595,0.0848342999997839,0.0094607226496915,44100,347.3333333333333,281.0,0.8900482752381045,0.2592295075493623,<repo>/outputs\window_size_study\10s\models\isolation_forest,<repo>/outputs\window_size_study\10s\reports\isolation_forest,<repo>/outputs\window_size_study\10s\ready_packages\isolation_forest,
10s,10,2,autoencoder,completed,0.0861401911697769,0.8183783783783783,0.1558735715021105,0.2453156065789739,0.2925455549600221,0.0737963525681287,0.4098730986644441,0.0639991964035329,0.0856473737035797,0.0553658872538543,32,,13.733395800001745,0.0633144999992509,0.0070608341696499,3184,358.0,313.0,0.7000783644448466,0.4193511846973201,<repo>/outputs\window_size_study\10s\models\autoencoder,<repo>/outputs\window_size_study\10s\reports\autoencoder,<repo>/outputs\window_size_study\10s\ready_packages\autoencoder,
10s,10,2,gru,completed,0.0958595859585958,0.9616252821670428,0.1743400859422958,0.3065571703633275,0.2457228022374969,0.0884703335198384,0.4809992314554582,0.082548168512059,0.0957983193277311,0.0456371762776391,64,4.0,11.819480199999816,0.1804148000010172,0.0202145434174809,25025,343.46153846153845,265.0,0.9159867617446305,0.1739476709858571,<repo>/outputs\window_size_study\10s\models\gru,<repo>/outputs\window_size_study\10s\reports\gru,<repo>/outputs\window_size_study\10s\ready_packages\gru,
10s,10,2,lstm,completed,0.0936266215454032,0.9952038369304556,0.1711516651201154,0.4397398074073411,0.4058006446728179,0.0468133107727016,0.4976019184652278,0.008804217202488,0.0935843950840004,0.0457732718169178,96,8.0,13.578210700001364,0.1200573999994958,0.013536745969049,41537,351.46153846153845,273.0,0.9657408828401004,0.0202740717835996,<repo>/outputs\window_size_study\10s\models\lstm,<repo>/outputs\window_size_study\10s\reports\lstm,<repo>/outputs\window_size_study\10s\ready_packages\lstm,
10s,10,2,transformer,completed,0.0985757541774139,0.9920993227990972,0.1793328572885851,0.444104881479312,0.4024465453523079,0.1117878770887069,0.4961118581901941,0.1223768199665197,0.0985994397759103,0.0489043038669279,32,4.0,51.15938409999944,0.2661206000011589,0.0298174341737993,69121,343.46153846153845,265.0,0.9658416164634336,0.0249584747386933,<repo>/outputs\window_size_study\10s\models\transformer,<repo>/outputs\window_size_study\10s\reports\transformer,<repo>/outputs\window_size_study\10s\ready_packages\transformer,
10s,10,2,llm_baseline,completed,0.0948805460750853,1.0,0.1733167082294264,0.805008065731609,0.3199527704032355,0.5474402730375426,0.5049159925326696,0.9148867262855588,0.1029428345924005,0.0097198400609448,64,8.0,44.39260909999939,0.1430642000013904,0.0161308151991645,1601,351.46153846153845,273.0,0.9709368282446824,0.0116698578894181,<repo>/outputs\window_size_study\10s\models\llm_baseline,<repo>/outputs\window_size_study\10s\reports\llm_baseline,<repo>/outputs\window_size_study\10s\ready_packages\llm_baseline,
60s,60,12,threshold_baseline,completed,0.7899159663865546,0.5949367088607594,0.6787003610108303,0.6076604748707961,0.60670919398946,0.8719529508424506,0.7882227923002022,0.936821930604265,0.9410596026490068,0.0611930667526152,64,,0.0,0.0015174000000115,0.0010049006622593,128,509.0,469.0,0.4140326519358777,0.4485972530922256,<repo>/outputs\window_size_study\60s\models\threshold_baseline,<repo>/outputs\window_size_study\60s\reports\threshold_baseline,<repo>/outputs\window_size_study\60s\ready_packages\threshold_baseline,
60s,60,12,isolation_forest,completed,0.2227204783258595,0.9430379746835444,0.3603385731559855,0.8592802037300578,0.5142847062985655,0.6060094662735124,0.7792112950340799,0.9090869838956964,0.6496688741721854,0.06786902821443,32,,0.4665468000021064,0.0360600999993039,0.0238808609266913,36300,384.0,319.0,0.799354100123671,0.2341168812624728,<repo>/outputs\window_size_study\60s\models\isolation_forest,<repo>/outputs\window_size_study\60s\reports\isolation_forest,<repo>/outputs\window_size_study\60s\ready_packages\isolation_forest,
60s,60,12,autoencoder,completed,0.0887372013651877,0.8227848101265823,0.1601971657424522,0.3851865028836791,0.4024862969142441,0.2332574895714827,0.4176793873118118,0.347533796934606,0.0973509933774834,0.0593590328749583,64,,2.238981699996657,0.0100087999999232,0.00662834437081,10448,402.0,361.0,0.6990470558080879,0.3435289971854257,<repo>/outputs\window_size_study\60s\models\autoencoder,<repo>/outputs\window_size_study\60s\reports\autoencoder,<repo>/outputs\window_size_study\60s\ready_packages\autoencoder,
60s,60,12,gru,completed,0.775,0.8611111111111112,0.8157894736842105,0.9954824340225248,0.7949759950169492,0.885603186646434,0.9271516221213648,0.990342286813823,0.9896907216494846,0.0270872857843897,64,12.0,4.226721299997735,0.041152099998726,0.0303034609710795,25025,641.0,601.0,0.3131313131313131,0.398957932487505,<repo>/outputs\window_size_study\60s\models\gru,<repo>/outputs\window_size_study\60s\reports\gru,<repo>/outputs\window_size_study\60s\ready_packages\gru,
60s,60,12,lstm,completed,0.75,0.8333333333333334,0.7894736842105263,0.9947470163052614,0.7856615715152153,0.8727238239757208,0.9128845184064548,0.988940935634614,0.9882179675994108,0.0953518349966092,128,12.0,5.044173299997055,0.0242530000032275,0.0178593519905946,49729,641.0,601.0,0.2997002997002997,0.3811421206039643,<repo>/outputs\window_size_study\60s\models\lstm,<repo>/outputs\window_size_study\60s\reports\lstm,<repo>/outputs\window_size_study\60s\ready_packages\lstm,
60s,60,12,transformer,completed,0.6923076923076923,1.0,0.8181818181818182,0.9974155320221888,0.906840310563302,0.8461538461538461,0.9939485627836612,0.9918432083380536,0.9882179675994108,0.0367312026588126,64,12.0,9.523059599996486,0.0297013999952469,0.0218714285679284,71169,641.0,601.0,0.3045843045843046,0.3883884842719703,<repo>/outputs\window_size_study\60s\models\transformer,<repo>/outputs\window_size_study\60s\reports\transformer,<repo>/outputs\window_size_study\60s\ready_packages\transformer,
60s,60,12,llm_baseline,completed,0.7567567567567568,0.7777777777777778,0.7671232876712328,0.9888216506975964,0.8112009656581236,0.8753503692943512,0.8854849554546983,0.9876562497975518,0.987481590574374,0.0160865528115627,64,12.0,7.55015160000039,0.0289781000028597,0.0213388070713252,1601,737.0,805.0,0.1926961926961927,0.3537120557067734,<repo>/outputs\window_size_study\60s\models\llm_baseline,<repo>/outputs\window_size_study\60s\reports\llm_baseline,<repo>/outputs\window_size_study\60s\ready_packages\llm_baseline,
300s,300,60,threshold_baseline,completed,0.2872340425531915,0.75,0.4153846153846154,0.7570921985815603,0.6835712280913845,0.6235277355623101,0.7562056737588653,0.883679460342949,0.7610062893081762,0.0555353581030864,96,,0.0,0.0013221999979577,0.0041578616287981,192,614.3333333333334,661.0,0.5080586080586079,0.3584877467326053,<repo>/outputs\window_size_study\300s\models\threshold_baseline,<repo>/outputs\window_size_study\300s\reports\threshold_baseline,<repo>/outputs\window_size_study\300s\ready_packages\threshold_baseline,
300s,300,60,isolation_forest,completed,0.1226053639846743,0.8888888888888888,0.2154882154882154,0.6725768321513002,0.2578894835666946,0.5262149626940915,0.5384160756501182,0.8384412560353388,0.2672955974842767,0.117499067058787,32,,0.6494552999938605,0.0269902000000001,0.0848748427672961,24300,556.0,481.0,0.5476523476523477,0.1637441974446043,<repo>/outputs\window_size_study\300s\models\isolation_forest,<repo>/outputs\window_size_study\300s\reports\isolation_forest,<repo>/outputs\window_size_study\300s\ready_packages\isolation_forest,
300s,300,60,autoencoder,completed,0.0986842105263157,0.8333333333333334,0.1764705882352941,0.6683412135539795,0.4904806169417283,0.3350563909774436,0.4308510638297873,0.517910341892467,0.1194968553459119,0.0351662796242247,32,,0.805199199996423,0.0022142000088933,0.0069628931097276,3184,571.0,481.0,0.4989010989010989,0.2818366530321039,<repo>/outputs\window_size_study\300s\models\autoencoder,<repo>/outputs\window_size_study\300s\reports\autoencoder,<repo>/outputs\window_size_study\300s\ready_packages\autoencoder,
300s,300,60,gru,completed,0.2142857142857142,0.75,0.3333333333333333,0.9779411764705884,0.4541666666666666,0.6052344601962922,0.8547794117647058,0.9848513583993171,0.9565217391304348,0.0277111170589784,32,4.0,1.1864958000078332,0.0064662000077078,0.023428260897492,18881,871.0,841.0,0.0952380952380952,0.2241327258722103,<repo>/outputs\window_size_study\300s\models\gru,<repo>/outputs\window_size_study\300s\reports\gru,<repo>/outputs\window_size_study\300s\ready_packages\gru,
300s,300,60,lstm,completed,0.3333333333333333,1.0,0.5,0.9834558823529412,0.5265151515151515,0.6666666666666666,0.9852941176470588,0.9903381642512076,0.9710144927536232,0.0270425189047922,32,4.0,1.0072893000033218,0.0081168000033358,0.0294086956642601,25153,871.0,841.0,0.1208791208791208,0.295684044990631,<repo>/outputs\window_size_study\300s\models\lstm,<repo>/outputs\window_size_study\300s\reports\lstm,<repo>/outputs\window_size_study\300s\ready_packages\lstm,
300s,300,60,transformer,completed,0.2307692307692307,0.75,0.3529411764705882,0.9669117647058824,0.2084595959595959,0.6134834747002047,0.8566176470588236,0.9851045521404256,0.960144927536232,0.0432842428477676,32,4.0,4.318060799996601,0.0140293000004021,0.0508307971029063,69121,871.0,841.0,0.1282051282051282,0.3076923076923077,<repo>/outputs\window_size_study\300s\models\transformer,<repo>/outputs\window_size_study\300s\reports\transformer,<repo>/outputs\window_size_study\300s\ready_packages\transformer,
300s,300,60,llm_baseline,completed,0.2222222222222222,0.5,0.3076923076923077,0.9852941176470588,0.4575757575757575,0.6073657927590512,0.7371323529411764,0.9813457815411896,0.967391304347826,0.0084888182624375,128,4.0,1.112148599990178,0.0074509999976726,0.0269963768031616,1601,761.0,661.0,0.0439560439560439,0.152268202863198,<repo>/outputs\window_size_study\300s\models\llm_baseline,<repo>/outputs\window_size_study\300s\reports\llm_baseline,<repo>/outputs\window_size_study\300s\ready_packages\llm_baseline,
